{"error": false, "size": [1920, 1080], "name": "Adventures of Sticklandia", "version": "1.0", "location": {"label": {"start": ["game/script.rpy", 13], "questions": ["game/script.rpy", 79], "awake": ["game/script.rpy", 118], "rose": ["game/script.rpy", 172], "long_way": ["game/script.rpy", 231], "me": ["game/script.rpy", 335], "disease": ["game/script.rpy", 384], "love": ["game/script.rpy", 429], "me_left": ["game/script.rpy", 474], "disease_left": ["game/script.rpy", 502], "love_left": ["game/script.rpy", 534], "wrong": ["game/script.rpy", 566], "troll_again": ["game/script.rpy", 578], "day_forest": ["game/script.rpy", 607], "night_forest": ["game/script.rpy", 619], "tower": ["game/script.rpy", 664], "slay": ["game/script.rpy", 679], "befriend": ["game/script.rpy", 707], "date": ["game/script.rpy", 754], "date_2": ["game/script.rpy", 810], "date_3": ["game/script.rpy", 853], "date_4": ["game/script.rpy", 909], "wizard": ["game/script.rpy", 960], "revolution": ["game/script.rpy", 1068], "eternal_sleep_ending": ["game/script.rpy", 1215], "lore_dump_ending": ["game/script.rpy", 1221], "nose_ending": ["game/script.rpy", 1228], "rip_ending": ["game/script.rpy", 1273], "daredevil_ending": ["game/script.rpy", 1291], "procrastinator_ending": ["game/script.rpy", 1327], "extra_crispy_ending": ["game/script.rpy", 1378], "captive_ending": ["game/script.rpy", 1394], "death_by_magic_ending": ["game/script.rpy", 1432], "loyalist_ending": ["game/script.rpy", 1452], "hostile_takeover_ending": ["game/script.rpy", 1479], "king_ending": ["game/script.rpy", 1509], "democracy_ending": ["game/script.rpy", 1529], "cellmates_ending": ["game/script.rpy", 1552], "failure_ending": ["game/script.rpy", 1623], "winner_ending": ["game/script.rpy", 1636], "stitches_ending": ["game/script.rpy", 1653], "deja_vu_ending": ["game/script.rpy", 1697], "friend_zone_ending": ["game/script.rpy", 1719], "true_ending": ["game/script.rpy", 1733]}, "define": {"gui.accent_color": ["game/gui.rpy", 26], "gui.idle_color": ["game/gui.rpy", 29], "gui.idle_small_color": ["game/gui.rpy", 33], "gui.hover_color": ["game/gui.rpy", 36], "gui.selected_color": ["game/gui.rpy", 40], "gui.insensitive_color": ["game/gui.rpy", 43], "gui.muted_color": ["game/gui.rpy", 47], "gui.hover_muted_color": ["game/gui.rpy", 48], "gui.text_color": ["game/gui.rpy", 51], "gui.interface_text_color": ["game/gui.rpy", 52], "gui.text_font": ["game/gui.rpy", 58], "gui.name_text_font": ["game/gui.rpy", 61], "gui.interface_text_font": ["game/gui.rpy", 64], "gui.text_size": ["game/gui.rpy", 67], "gui.name_text_size": ["game/gui.rpy", 70], "gui.interface_text_size": ["game/gui.rpy", 73], "gui.label_text_size": ["game/gui.rpy", 76], "gui.notify_text_size": ["game/gui.rpy", 79], "gui.title_text_size": ["game/gui.rpy", 82], "gui.main_menu_background": ["game/gui.rpy", 89], "gui.game_menu_background": ["game/gui.rpy", 90], "gui.textbox_height": ["game/gui.rpy", 99], "gui.textbox_yalign": ["game/gui.rpy", 103], "gui.name_xpos": ["game/gui.rpy", 108], "gui.name_ypos": ["game/gui.rpy", 109], "gui.name_xalign": ["game/gui.rpy", 113], "gui.namebox_width": ["game/gui.rpy", 117], "gui.namebox_height": ["game/gui.rpy", 118], "gui.namebox_borders": ["game/gui.rpy", 122], "gui.namebox_tile": ["game/gui.rpy", 126], "gui.dialogue_xpos": ["game/gui.rpy", 132], "gui.dialogue_ypos": ["game/gui.rpy", 133], "gui.dialogue_width": ["game/gui.rpy", 136], "gui.dialogue_text_xalign": ["game/gui.rpy", 140], "gui.button_width": ["game/gui.rpy", 149], "gui.button_height": ["game/gui.rpy", 150], "gui.button_borders": ["game/gui.rpy", 153], "gui.button_tile": ["game/gui.rpy", 157], "gui.button_text_font": ["game/gui.rpy", 160], "gui.button_text_size": ["game/gui.rpy", 163], "gui.button_text_idle_color": ["game/gui.rpy", 166], "gui.button_text_hover_color": ["game/gui.rpy", 167], "gui.button_text_selected_color": ["game/gui.rpy", 168], "gui.button_text_insensitive_color": ["game/gui.rpy", 169], "gui.button_text_xalign": ["game/gui.rpy", 173], "gui.radio_button_borders": ["game/gui.rpy", 182], "gui.check_button_borders": ["game/gui.rpy", 184], "gui.confirm_button_text_xalign": ["game/gui.rpy", 186], "gui.page_button_borders": ["game/gui.rpy", 188], "gui.quick_button_borders": ["game/gui.rpy", 190], "gui.quick_button_text_size": ["game/gui.rpy", 191], "gui.quick_button_text_idle_color": ["game/gui.rpy", 192], "gui.quick_button_text_selected_color": ["game/gui.rpy", 193], "gui.choice_button_width": ["game/gui.rpy", 206], "gui.choice_button_height": ["game/gui.rpy", 207], "gui.choice_button_tile": ["game/gui.rpy", 208], "gui.choice_button_borders": ["game/gui.rpy", 209], "gui.choice_button_text_font": ["game/gui.rpy", 210], "gui.choice_button_text_size": ["game/gui.rpy", 211], "gui.choice_button_text_xalign": ["game/gui.rpy", 212], "gui.choice_button_text_idle_color": ["game/gui.rpy", 213], "gui.choice_button_text_hover_color": ["game/gui.rpy", 214], "gui.choice_button_text_insensitive_color": ["game/gui.rpy", 215], "gui.slot_button_width": ["game/gui.rpy", 225], "gui.slot_button_height": ["game/gui.rpy", 226], "gui.slot_button_borders": ["game/gui.rpy", 227], "gui.slot_button_text_size": ["game/gui.rpy", 228], "gui.slot_button_text_xalign": ["game/gui.rpy", 229], "gui.slot_button_text_idle_color": ["game/gui.rpy", 230], "gui.slot_button_text_selected_idle_color": ["game/gui.rpy", 231], "gui.slot_button_text_selected_hover_color": ["game/gui.rpy", 232], "config.thumbnail_width": ["game/gui.rpy", 235], "config.thumbnail_height": ["game/gui.rpy", 236], "gui.file_slot_cols": ["game/gui.rpy", 239], "gui.file_slot_rows": ["game/gui.rpy", 240], "gui.navigation_xpos": ["game/gui.rpy", 250], "gui.skip_ypos": ["game/gui.rpy", 253], "gui.notify_ypos": ["game/gui.rpy", 256], "gui.choice_spacing": ["game/gui.rpy", 259], "gui.navigation_spacing": ["game/gui.rpy", 262], "gui.pref_spacing": ["game/gui.rpy", 265], "gui.pref_button_spacing": ["game/gui.rpy", 268], "gui.page_spacing": ["game/gui.rpy", 271], "gui.slot_spacing": ["game/gui.rpy", 274], "gui.main_menu_text_xalign": ["game/gui.rpy", 277], "gui.frame_borders": ["game/gui.rpy", 286], "gui.confirm_frame_borders": ["game/gui.rpy", 289], "gui.skip_frame_borders": ["game/gui.rpy", 292], "gui.notify_frame_borders": ["game/gui.rpy", 295], "gui.frame_tile": ["game/gui.rpy", 298], "gui.bar_size": ["game/gui.rpy", 310], "gui.scrollbar_size": ["game/gui.rpy", 311], "gui.slider_size": ["game/gui.rpy", 312], "gui.bar_tile": ["game/gui.rpy", 315], "gui.scrollbar_tile": ["game/gui.rpy", 316], "gui.slider_tile": ["game/gui.rpy", 317], "gui.bar_borders": ["game/gui.rpy", 320], "gui.scrollbar_borders": ["game/gui.rpy", 321], "gui.slider_borders": ["game/gui.rpy", 322], "gui.vbar_borders": ["game/gui.rpy", 325], "gui.vscrollbar_borders": ["game/gui.rpy", 326], "gui.vslider_borders": ["game/gui.rpy", 327], "gui.unscrollable": ["game/gui.rpy", 331], "config.history_length": ["game/gui.rpy", 339], "gui.history_height": ["game/gui.rpy", 343], "gui.history_name_xpos": ["game/gui.rpy", 347], "gui.history_name_ypos": ["game/gui.rpy", 348], "gui.history_name_width": ["game/gui.rpy", 349], "gui.history_name_xalign": ["game/gui.rpy", 350], "gui.history_text_xpos": ["game/gui.rpy", 353], "gui.history_text_ypos": ["game/gui.rpy", 354], "gui.history_text_width": ["game/gui.rpy", 355], "gui.history_text_xalign": ["game/gui.rpy", 356], "gui.nvl_borders": ["game/gui.rpy", 364], "gui.nvl_list_length": ["game/gui.rpy", 368], "gui.nvl_height": ["game/gui.rpy", 372], "gui.nvl_spacing": ["game/gui.rpy", 376], "gui.nvl_name_xpos": ["game/gui.rpy", 380], "gui.nvl_name_ypos": ["game/gui.rpy", 381], "gui.nvl_name_width": ["game/gui.rpy", 382], "gui.nvl_name_xalign": ["game/gui.rpy", 383], "gui.nvl_text_xpos": ["game/gui.rpy", 386], "gui.nvl_text_ypos": ["game/gui.rpy", 387], "gui.nvl_text_width": ["game/gui.rpy", 388], "gui.nvl_text_xalign": ["game/gui.rpy", 389], "gui.nvl_thought_xpos": ["game/gui.rpy", 393], "gui.nvl_thought_ypos": ["game/gui.rpy", 394], "gui.nvl_thought_width": ["game/gui.rpy", 395], "gui.nvl_thought_xalign": ["game/gui.rpy", 396], "gui.nvl_button_xpos": ["game/gui.rpy", 399], "gui.nvl_button_xalign": ["game/gui.rpy", 400], "gui.language": ["game/gui.rpy", 408], "quick_menu": ["game/screens.rpy", 267], "gui.history_allow_tags": ["game/screens.rpy", 911], "config.nvl_list_length": ["game/screens.rpy", 1339], "config.name": ["game/options.rpy", 15], "gui.show_name": ["game/options.rpy", 21], "config.version": ["game/options.rpy", 26], "gui.about": ["game/options.rpy", 32], "build.name": ["game/options.rpy", 42], "config.has_sound": ["game/options.rpy", 51], "config.has_music": ["game/options.rpy", 52], "config.has_voice": ["game/options.rpy", 53], "config.enter_transition": ["game/options.rpy", 78], "config.exit_transition": ["game/options.rpy", 79], "config.intra_transition": ["game/options.rpy", 84], "config.after_load_transition": ["game/options.rpy", 89], "config.end_game_transition": ["game/options.rpy", 94], "config.window": ["game/options.rpy", 111], "config.window_show_transition": ["game/options.rpy", 116], "config.window_hide_transition": ["game/options.rpy", 117], "config.save_directory": ["game/options.rpy", 148], "config.window_icon": ["game/options.rpy", 155], "a": ["game/script.rpy", 1], "b": ["game/script.rpy", 2], "d": ["game/script.rpy", 3], "g": ["game/script.rpy", 4], "k": ["game/script.rpy", 5], "m": ["game/script.rpy", 6], "p": ["game/script.rpy", 7], "s": ["game/script.rpy", 8], "t": ["game/script.rpy", 9], "u": ["game/script.rpy", 10], "w": ["game/script.rpy", 11]}, "screen": {"say": ["game/screens.rpy", 98], "input": ["game/screens.rpy", 175], "choice": ["game/screens.rpy", 208], "quick_menu": ["game/screens.rpy", 1408], "navigation": ["game/screens.rpy", 288], "main_menu": ["game/screens.rpy", 351], "game_menu": ["game/screens.rpy", 416], "about": ["game/screens.rpy", 542], "save": ["game/screens.rpy", 582], "load": ["game/screens.rpy", 589], "file_slots": ["game/screens.rpy", 596], "preferences": ["game/screens.rpy", 711], "history": ["game/screens.rpy", 871], "help": ["game/screens.rpy", 959], "keyboard_help": ["game/screens.rpy", 988], "mouse_help": ["game/screens.rpy", 1039], "gamepad_help": ["game/screens.rpy", 1062], "confirm": ["game/screens.rpy", 1128], "skip_indicator": ["game/screens.rpy", 1191], "notify": ["game/screens.rpy", 1247], "nvl": ["game/screens.rpy", 1286], "nvl_dialogue": ["game/screens.rpy", 1318]}, "transform": {"delayed_blink": ["game/screens.rpy", 1209], "notify_appear": ["game/screens.rpy", 1258]}, "callable": {"touch": ["game/gui.rpy", 419], "small": ["game/gui.rpy", 426]}}, "build": {"directory_name": "AdventuresofSticklandia-1.0", "executable_name": "AdventuresofSticklandia", "include_update": false, "packages": [{"name": "pc", "formats": ["zip"], "file_lists": ["windows", "linux", "renpy", "all"], "description": "PC: Windows and Linux", "update": true, "dlc": false, "hidden": false}, {"name": "linux", "formats": ["tar.bz2"], "file_lists": ["linux", "linux_arm", "renpy", "all"], "description": "Linux", "update": true, "dlc": false, "hidden": false}, {"name": "mac", "formats": ["app-zip", "app-dmg"], "file_lists": ["mac", "renpy", "all"], "description": "Macintosh", "update": true, "dlc": false, "hidden": false}, {"name": "win", "formats": ["zip"], "file_lists": ["windows", "renpy", "all"], "description": "Windows", "update": true, "dlc": false, "hidden": false}, {"name": "market", "formats": ["bare-zip"], "file_lists": ["windows", "linux", "mac", "renpy", "all"], "description": "Windows, Mac, Linux for Markets", "update": true, "dlc": false, "hidden": false}, {"name": "steam", "formats": ["zip"], "file_lists": ["windows", "linux", "mac", "renpy", "all"], "description": "steam", "update": true, "dlc": false, "hidden": true}, {"name": "android", "formats": ["directory"], "file_lists": ["android", "all"], "description": "android", "update": false, "dlc": true, "hidden": true}, {"name": "ios", "formats": ["directory"], "file_lists": ["ios", "all"], "description": "ios", "update": false, "dlc": true, "hidden": true}, {"name": "web", "formats": ["zip"], "file_lists": ["web", "all"], "description": "web", "update": false, "dlc": true, "hidden": true}], "archives": [["archive", ["all"]]], "documentation_patterns": ["*.html", "*.txt"], "base_patterns": [["*.py", null], ["*.sh", null], ["*.app/", null], ["*.dll", null], ["*.manifest", null], ["lib/", null], ["renpy/", null], ["update/", null], ["common/", null], ["update/", null], ["old-game/", null], ["icon.ico", null], ["icon.icns", null], ["project.json", null], ["log.txt", null], ["errors.txt", null], ["traceback.txt", null], ["image_cache.txt", null], ["text_overflow.txt", null], ["dialogue.txt", null], ["dialogue.tab", null], ["profile_screen.txt", null], ["files.txt", null], ["memory.txt", null], ["tmp/", null], ["game/saves/", null], ["game/bytecode.rpyb", null], ["archived/", null], ["launcherinfo.py", null], ["android.txt", null], ["game/presplash*.*", ["all"]], [".android.json", ["android"]], ["android-*.png", ["android"]], ["android-*.jpg", ["android"]], ["ouya_icon.png", null], ["ios-presplash.*", ["ios"]], ["ios-launchimage.png", null], ["ios-icon.png", null], ["web-presplash.png", ["web"]], ["web-presplash.jpg", ["web"]], ["web-presplash.webp", ["web"]], ["progressive_download.txt", ["web"]], ["steam_appid.txt", null], ["**~", null], ["**.bak", null], ["**/.**", null], ["**/#**", null], ["**/thumbs.db", null], [".*", null], ["**", ["all"]]], "renpy_patterns": [["renpy/common/_compat/**", null], ["renpy/common/_roundrect/**", null], ["renpy/common/_outline/**", null], ["renpy/common/_theme**", null], ["lib/**/_ssl.*", null], ["renpy/**__pycache__/**.cpython-39.pyc", ["all"]], ["renpy/**__pycache__", ["all"]], ["**~", null], ["**/#*", null], ["**/.*", null], ["**.old", null], ["**.new", null], ["**.rpa", null], ["**/steam_appid.txt", null], ["renpy.py", ["all"]], ["renpy/", ["all"]], ["renpy/**.py", ["renpy"]], ["renpy/**.pxd", null], ["renpy/**.pxi", null], ["renpy/**.pyx", null], ["renpy/**.pyc", null], ["renpy/**.pyo", null], ["renpy/common/", ["all"]], ["renpy/common/_compat/**", ["renpy"]], ["renpy/common/**.rpy", ["renpy"]], ["renpy/common/**.rpym", ["renpy"]], ["renpy/common/_compat/**", ["renpy"]], ["renpy/common/**", ["all"]], ["renpy/**", ["all"]], ["lib/*/renpy", null], ["lib/*/renpy.exe", null], ["lib/*/pythonw.exe", null], ["lib/py2-*/", null], ["lib/py*-windows-i686/**", ["windows_i686"]], ["lib/py*-windows-x86_64/**", ["windows"]], ["lib/py*-linux-i686/**", ["linux_i686"]], ["lib/py*-linux-aarch64/**", ["linux_arm"]], ["lib/py*-linux-armv7l/**", ["linux_arm"]], ["lib/py*-linux-*/**", ["linux"]], ["lib/py*-mac-*/**", ["mac"]], ["lib/python2.*/**", null], ["lib/**", ["windows", "linux", "mac", "android", "ios"]], ["renpy.sh", ["linux", "mac"]]], "xbit_patterns": ["**.sh", "lib/py*-linux-*/*", "lib/py*-mac-*/*", "**.app/Contents/MacOS/*"], "version": "1.0", "display_name": "Adventures of Sticklandia", "exclude_empty_directories": true, "allow_integrated_gpu": true, "renpy": false, "script_version": true, "destination": "AdventuresofSticklandia-1.0-dists", "mac_info_plist": {}, "merge": [["linux_i686", "linux"], ["windows_i686", "windows"]], "include_i686": true, "change_icon_i686": true, "android_permissions": [], "_sdk_fonts": false}}